{
  "wifi": {
    "models": [
      "catboost_tuned",
      "complex_mlp_tuned",
      "xgboost_tuned"
    ],
    "weights": [
      0.07733675617793768,
      0.21960495763835314,
      0.7030582861837092
    ],
    "threshold": 0.2121635744552688,
    "val_fpr": 0.0010640020354821548,
    "val_recall": 0.994935532190557,
    "val_precision": 0.9999721653763907,
    "val_f1": 0.9974474906763093,
    "feasible": 1.0,
    "val_pr_auc": 0.9999834996983654,
    "objective": 1.036806645306406,
    "fpr_gap": 0.0,
    "soft_fpr_penalty": 0.010640020354821549
  }
}