protocol_hint,model,selection_score,threshold,precision,recall,f1,fpr,roc_auc,pr_auc,tp,tn,fp,fn,val_f1_at_selected_threshold,val_precision_at_selected_threshold,val_recall_at_selected_threshold,val_fpr_at_selected_threshold,val_threshold_feasible
wifi,xgboost_tuned__wifi,0.999228683449968,0.2261005938053131,0.9999953659017756,0.9984631757069392,0.999228683449968,0.00016771689388312528,0.9998595064523166,0.9999961010855143,1510535,41730,7,2325,0.9974438692395767,0.9999685347733112,0.9949319198740024,0.0012027849096754794,1
wifi,catboost_tuned__wifi,0.9992714005018506,0.3152843432380144,0.9999695515270902,0.9985742236558571,0.9992714005018506,0.0011021395883748233,0.9998470441128879,0.9999946857086284,1510703,41691,46,2157,0.9975277483318412,0.9999370840514725,0.9951299952317422,0.002405569819350959,1
wifi,complex_mlp_tuned__wifi,0.9986567275314597,0.10757910460233688,0.9999787920059118,0.997338154224449,0.9986567275314597,0.0007667058006085727,0.9995061531064374,0.9999865184901299,1508833,41705,32,4027,0.9948871861976114,0.9999525616986804,0.9898728705393911,0.001804177364513219,1
wifi,weighted_ensemble__wifi,0.9992928958856991,0.21216356754302979,0.9999940426545931,0.9985927316473434,0.9992928958856991,0.00021563600642116108,0.9998947446316528,0.9999971094033189,1510731,41728,9,2129,0.9974474906763093,0.9999721653763907,0.994935532190557,0.0010640020354821548,1
