model,protocol_hint,n,precision,recall,f1,fpr,roc_auc,pr_auc,tp,tn,fp,fn
xgboost_tuned__wifi,wifi,1554597,0.9999953659017756,0.9984631757069392,0.999228683449968,0.00016771689388312528,0.9998595064523166,0.9999961010855143,1510535,41730,7,2325
catboost_tuned__wifi,wifi,1554597,0.9999695515270902,0.9985742236558571,0.9992714005018506,0.0011021395883748233,0.9998470441128879,0.9999946857086284,1510703,41691,46,2157
complex_mlp_tuned__wifi,wifi,1554597,0.9999787920059118,0.997338154224449,0.9986567275314597,0.0007667058006085727,0.9995061531064374,0.9999865184901299,1508833,41705,32,4027
weighted_ensemble__wifi,wifi,1554597,0.9999940426545931,0.9985927316473434,0.9992928958856991,0.00021563600642116108,0.9998947446316528,0.9999971094033189,1510731,41728,9,2129
catboost_tuned__protocol_routed,wifi,1554597,0.9999695515270902,0.9985742236558571,0.9992714005018506,0.0011021395883748233,0.9998470441128879,0.9999946857086283,1510703,41691,46,2157
complex_mlp_tuned__protocol_routed,wifi,1554597,0.9999787920059118,0.997338154224449,0.9986567275314597,0.0007667058006085727,0.9995061531064374,0.9999865184901299,1508833,41705,32,4027
weighted_ensemble__protocol_routed,wifi,1554597,0.9999940426545931,0.9985927316473434,0.9992928958856991,0.00021563600642116108,0.9998947446316528,0.9999971094033189,1510731,41728,9,2129
xgboost_tuned__protocol_routed,wifi,1554597,0.9999953659017756,0.9984631757069392,0.999228683449968,0.00016771689388312528,0.9998595064523166,0.9999961010855143,1510535,41730,7,2325
