attack_method,epsilon,protocol_hint,tp,tn,fp,fn,precision,recall,f1,fpr,n,n_benign,n_attack,asr_conditional,asr_conditional_num,asr_conditional_den,asr_all,asr_all_num,asr_all_den,delta_f1
baseline,0.0,bluetooth,494,500,0,6,1.0,0.988,0.993963782696177,0.0,1000,500,500,0.0,0,494,0.0,0,500,0.0
baseline,0.0,mqtt,498,0,0,2,1.0,0.996,0.9979959919839679,0.0,500,0,500,0.0,0,498,0.0,0,500,0.0
baseline,0.0,wifi,500,499,1,0,0.998003992015968,1.0,0.9990009990009989,0.002,1000,500,500,0.0,0,500,0.0,0,500,0.0
surrogate_fgsm,0.0,bluetooth,494,500,0,6,1.0,0.988,0.993963782696177,0.0,1000,500,500,0.0,0,494,0.012,6,500,0.0
surrogate_fgsm,0.0,mqtt,498,0,0,2,1.0,0.996,0.9979959919839679,0.0,500,0,500,0.0,0,498,0.004,2,500,0.0
surrogate_fgsm,0.0,wifi,500,499,1,0,0.998003992015968,1.0,0.9990009990009989,0.002,1000,500,500,0.0,0,500,0.0,0,500,0.0
surrogate_fgsm,0.02,bluetooth,0,500,0,500,0.0,0.0,0.0,0.0,1000,500,500,1.0,494,494,1.0,500,500,-0.993963782696177
surrogate_fgsm,0.02,mqtt,413,0,0,87,1.0,0.826,0.904709748083242,0.0,500,0,500,0.1706827309236948,85,498,0.174,87,500,-0.09328624390072593
surrogate_fgsm,0.02,wifi,500,499,1,0,0.998003992015968,1.0,0.9990009990009989,0.002,1000,500,500,0.0,0,500,0.0,0,500,0.0
