{
  "bluetooth": 0.998250424861908,
  "mqtt": 0.8607712984085083,
  "wifi": 0.12244911226436794
}