{
  "bluetooth": {
    "models": [
      "catboost_tuned",
      "complex_mlp_tuned",
      "lightgbm_tuned",
      "xgboost_tuned"
    ],
    "weights": [
      0.7798219513715282,
      0.1660312526986896,
      0.03974333838064505,
      0.014403457549137159
    ],
    "threshold": 0.4347370147041209,
    "val_fpr": 0.0,
    "val_recall": 1.0,
    "val_precision": 1.0,
    "val_f1": 1.0,
    "feasible": 1.0,
    "val_pr_auc": 1.0,
    "objective": 1.05,
    "fpr_gap": 0.0,
    "soft_fpr_penalty": 0.0
  },
  "mqtt": {
    "models": [
      "catboost_tuned",
      "complex_mlp_tuned",
      "lightgbm_tuned",
      "xgboost_tuned"
    ],
    "weights": [
      0.09135710746029406,
      0.6205471113609315,
      0.26892143173198885,
      0.019174349446785713
    ],
    "threshold": 0.3336791007551762,
    "val_fpr": 0.0,
    "val_recall": 0.9988590552977865,
    "val_precision": 1.0,
    "val_f1": 0.9994292020244302,
    "feasible": 1.0,
    "val_pr_auc": 0.9999932541176914,
    "objective": 1.0494288647303147,
    "fpr_gap": 0.0,
    "soft_fpr_penalty": 0.0
  },
  "wifi": {
    "models": [
      "catboost_tuned",
      "complex_mlp_tuned",
      "xgboost_tuned"
    ],
    "weights": [
      0.07733675617793768,
      0.21960495763835314,
      0.7030582861837092
    ],
    "threshold": 0.21216687141174118,
    "val_fpr": 0.0010640020354821548,
    "val_recall": 0.994935532190557,
    "val_precision": 0.9999721653763907,
    "val_f1": 0.9974474906763093,
    "feasible": 1.0,
    "val_pr_auc": 0.9999835003133413,
    "objective": 1.0368066453371547,
    "fpr_gap": 0.0,
    "soft_fpr_penalty": 0.010640020354821549
  }
}