model,selection_score,threshold,precision,recall,f1,fpr,roc_auc,pr_auc,tp,tn,fp,fn,val_f1_at_selected_threshold,val_precision_at_selected_threshold,val_recall_at_selected_threshold,val_fpr_at_selected_threshold,val_threshold_feasible
xgboost_tuned__protocol_routed,0.9990776591038046,nan,0.9999956217354565,0.9981613802446706,0.9990776591038046,0.00014460419765328046,0.9991715309505197,0.9999749959539168,1598800,48401,7,2945,nan,nan,nan,nan,1
catboost_tuned__protocol_routed,0.9990398402254141,nan,0.999971227773455,0.9981101860783084,0.9990398402254141,0.0009502561560072716,0.9994360164938153,0.9999815889267838,1598718,48362,46,3027,nan,nan,nan,nan,1
complex_mlp_tuned__protocol_routed,0.998558274230496,nan,0.9999793388300393,0.9971412428320363,0.998558274230496,0.0006817055032226078,0.999271115515527,0.9999782095371068,1597166,48375,33,4579,nan,nan,nan,nan,1
weighted_ensemble__protocol_routed,0.9776194998357616,nan,0.9995356467665578,0.9984935180069237,0.9990143106108401,0.015348702693769626,0.9996694412396503,0.9999900659410255,1599332,47665,743,2413,nan,nan,nan,nan,1
lightgbm_tuned__protocol_routed,0.8339357047745862,nan,1.0,0.7151712887438826,0.8339357047745862,0.0,0.8632417454277717,0.981216280975469,63568,6671,0,25317,nan,nan,nan,nan,0
