attack_method,epsilon,tp,tn,fp,fn,precision,recall,f1,fpr,n,n_benign,n_attack,asr_conditional,asr_conditional_num,asr_conditional_den,asr_all,asr_all_num,asr_all_den,delta_f1
baseline,0.0,1492,999,1,8,0.999330207635633,0.9946666666666667,0.9969929836284664,0.001,2500,1000,1500,0.0,0,1492,0.0,0,1500,0.0
surrogate_fgsm,0.0,1492,999,1,8,0.999330207635633,0.9946666666666667,0.9969929836284664,0.001,2500,1000,1500,0.0,0,1492,0.005333333333333333,8,1500,0.0
surrogate_fgsm,0.02,913,999,1,587,0.9989059080962801,0.6086666666666667,0.7564208782104391,0.001,2500,1000,1500,0.38806970509383376,579,1492,0.3913333333333333,587,1500,-0.24057210541802732
