split,epsilon,targeted_rows,baseline_false_alarm_rows,attack_successes_any,flip_rows,flip_rate,selected_rows,selected_rate,selected_topk_added_rows,attacked_pred_attack_rate,queries_total,queries_mean,queries_p95,accepted_moves_mean,below_lower_violations,above_upper_violations,locked_change_rows,locked_change_max_abs,cap_violation_rows,relation_violation_rows,relation_min_avg_max_rows,relation_tot_num_avg_rows,relation_rate_rows,baseline_detected_rows,evasion_flip_rows,evasion_flip_rate,robust_recall_under_attack
train,0.03,30000,8.0,7691.0,7683.0,0.2561,10183.0,0.3394333333333333,2500.0,0.2563666666666667,5160961,172.03203333333335,220.0,1.2885666666666666,0,0,0,0.0,3,0,0,0,0,,,,
train,0.05,30000,8.0,8543.0,8535.0,0.2845,11035.0,0.36783333333333335,2500.0,0.28476666666666667,5030139,167.6713,220.0,1.4342333333333332,0,0,0,0.0,33,0,0,0,0,,,,
train,0.1,30000,8.0,11922.0,11914.0,0.39713333333333334,14414.0,0.48046666666666665,2500.0,0.3974,4363385,145.44616666666667,220.0,1.4147666666666667,0,0,0,0.0,32,0,0,0,0,,,,
val,0.03,12000,13.0,410.0,397.0,0.03308333333333333,2897.0,0.24141666666666667,2500.0,0.034166666666666665,2560794,213.3995,220.0,0.12766666666666668,0,0,0,0.0,0,0,0,0,0,,,,
val,0.05,12000,13.0,460.0,447.0,0.03725,2947.0,0.24558333333333332,2500.0,0.03833333333333333,2553994,212.83283333333333,220.0,0.1505,0,0,0,0.0,1,0,0,0,0,,,,
val,0.1,12000,13.0,702.0,689.0,0.057416666666666664,3189.0,0.26575,2500.0,0.0585,2507593,208.96608333333333,220.0,0.16616666666666666,0,0,0,0.0,3,0,0,0,0,,,,
val,0.1,12000,,,,,,,,,2480183,206.68191666666667,220.0,14.246833333333333,0,0,0,0.0,1142,0,0,0,0,11911.0,1180.0,0.09833333333333333,0.89425
