model,selection_score,threshold,precision,recall,f1,fpr,roc_auc,pr_auc,tp,tn,fp,fn,val_f1_at_selected_threshold,val_precision_at_selected_threshold,val_recall_at_selected_threshold,val_fpr_at_selected_threshold,val_threshold_feasible
xgboost_tuned__protocol_routed,0.9995168950875382,nan,0.9999187732511569,0.9991153398324952,0.9995168950875382,0.002685506527846637,0.9998703245839603,0.9999961075071535,1600328,48278,130,1417,nan,nan,nan,nan,1
lightgbm_tuned__protocol_routed,0.9994634938479795,nan,0.9998662880243431,0.999061024070623,0.9994634938479795,0.004420756899686002,0.9997876509569683,0.9999936223828644,1600241,48194,214,1504,nan,nan,nan,nan,1
catboost_tuned__protocol_routed,0.9992963471578891,nan,0.9998043894262798,0.9987888209421599,0.9992963471578891,0.006465873409353826,0.9997784409476147,0.9999933480075408,1599805,48095,313,1940,nan,nan,nan,nan,1
weighted_ensemble__protocol_routed,0.9929966754560522,nan,0.9999113780460631,0.986176950763074,0.9929966754560522,0.002892083953065609,0.9998577471295911,0.999995722644449,1579604,48268,140,22141,nan,nan,nan,nan,1
complex_mlp_tuned__protocol_routed,0.9923864341471683,nan,0.9998612144433305,0.9850225847435141,0.9923864341471683,0.004524045612295489,0.9997026793125776,0.9999910874418961,1577755,48189,219,23990,nan,nan,nan,nan,1
