attack_family,rows,share
DDoS,1117096,0.6769651056598994
DoS,428312,0.25955896210836205
Benign,48408,0.029335461620831522
Recon,27676,0.01677177813208836
Other,25170,0.015253131073300476
Malformed,1747,0.0010586897093784638
Spoofing,1744,0.0010568716961396913
