feature,rows_total,rows_valid,rows_missing,missing_ratio,mean,std,min,max,zero_ratio_valid,near_constant_flag
IGMP,7669892,7669892,0,0.0,4.66890545019118e-06,0.001246444799936881,0.0,0.699999988079071,0.9999677961567125,1
DHCP,7669892,7669892,0,0.0,4.745829548566897e-06,0.001157311770284981,0.0,0.6000000238418579,0.9999305074960638,1
cwr_flag_number,7669892,7669892,0,0.0,2.9418679854145616e-06,0.0005224715682621677,0.0,0.30000001192092896,0.9999276391375524,1
ece_flag_number,7669892,7669892,0,0.0,3.7789071665575013e-06,0.0006134836620624506,0.0,0.30000001192092896,0.9999269872378908,1
IRC,7669892,7669892,0,0.0,1.2724235283741385e-05,0.0009189195006085255,0.0,0.1111111119389534,0.9994451030079693,1
SMTP,7669892,7669892,0,0.0,1.2751190816979171e-05,0.0009189314139338397,0.0,0.10000000149011612,0.9994424954093226,1
Telnet,7669892,7669892,0,0.0,1.2751470202386103e-05,0.0009189087882658058,0.0,0.10000000149011612,0.9994422346494579,1
SSH,7669892,7669892,0,0.0,1.3799590353965741e-05,0.0011383270173459792,0.0,0.8999999761581421,0.9994374105919615,1
