split,protocol,attack,benign,total,benign_ratio,attack_ratio
train,bluetooth,99839,23396,123235,0.189848663123301,0.8101513368766989
train,mqtt,262938,197564,460502,0.42901876647658427,0.5709812335234158
train,wifi,6705161,380994,7086155,0.05376597040284894,0.9462340295971511
test,bluetooth,25170,6671,31841,0.20950975157815396,0.790490248421846
test,mqtt,63715,0,63715,0.0,1.0
test,wifi,1512860,41737,1554597,0.026847472367436707,0.9731525276325633
