protocol,train_rows,test_rows,train_share,test_share,share_diff_test_minus_train
wifi,7086155,1554597,0.9238924094367952,0.9420926423186213,0.01820023288182615
mqtt,460502,63715,0.06004021960152764,0.038611571169461255,-0.021428648432066384
bluetooth,123235,31841,0.016067370961677166,0.01929578651191738,0.003228415550240213
