scope,model,threshold,precision,recall,f1,fpr,roc_auc,pr_auc,tp,tn,fp,fn,n_rows
wifi,catboost__E,0.9066666667657812,0.9999920532432701,0.998134658858057,0.9990624927635954,0.00028751467522821476,0.9999124116250716,0.999997594799273,1510038,41725,12,2822,1554597
mqtt,catboost__E,0.9666666583331858,1.0,0.9931256376049595,0.9965509638402419,,,1.0,63277,0,0,438,63715
bluetooth,catboost__E,0.8800000753780836,1.0,0.998569725864124,0.9992843511450382,0.0,0.9999998034650539,0.9999999478808517,25134,6671,0,36,31841
global_protocol_routed,catboost__E,protocol_specific,0.9999924927789918,0.9979422442398759,0.9989663165433726,0.00024789291026276647,0.9998859144540891,0.9999965756836325,1598449,48396,12,3296,1650153
