{
  "bluetooth": {
    "models": [
      "catboost_tuned",
      "complex_mlp_tuned",
      "lightgbm_tuned",
      "xgboost_tuned"
    ],
    "weights": [
      0.7798219513715282,
      0.1660312526986896,
      0.03974333838064505,
      0.014403457549137159
    ],
    "threshold": 0.434737014703727,
    "val_fpr": 0.0,
    "val_recall": 1.0,
    "val_precision": 1.0,
    "val_f1": 1.0,
    "feasible": 1.0,
    "val_pr_auc": 1.0,
    "objective": 1.05,
    "fpr_gap": 0.0,
    "soft_fpr_penalty": 0.0
  },
  "mqtt": {
    "models": [
      "catboost_tuned",
      "complex_mlp_tuned",
      "lightgbm_tuned",
      "xgboost_tuned"
    ],
    "weights": [
      0.07529666916017563,
      0.05541009477318681,
      0.7260443191509712,
      0.1432489169156664
    ],
    "threshold": 0.7957805454889286,
    "val_fpr": 0.0,
    "val_recall": 1.0,
    "val_precision": 1.0,
    "val_f1": 1.0,
    "feasible": 1.0,
    "val_pr_auc": 1.0,
    "objective": 1.05,
    "fpr_gap": 0.0,
    "soft_fpr_penalty": 0.0
  },
  "wifi": {
    "models": [
      "catboost_tuned",
      "complex_mlp_tuned",
      "xgboost_tuned"
    ],
    "weights": [
      0.07733675617793768,
      0.21960495763835314,
      0.7030582861837092
    ],
    "threshold": 0.21218114657098786,
    "val_fpr": 0.0010640020354821548,
    "val_recall": 0.994935532190557,
    "val_precision": 0.9999721653763907,
    "val_f1": 0.9974474906763093,
    "feasible": 1.0,
    "val_pr_auc": 0.9999834996987307,
    "objective": 1.0368066453064242,
    "fpr_gap": 0.0,
    "soft_fpr_penalty": 0.010640020354821549
  }
}