model,selection_score,val_weighted_objective,val_feasible_ratio_for_selection,val_rows_for_selection,threshold,precision,recall,f1,fpr,roc_auc,pr_auc,tp,tn,fp,fn,val_f1_at_selected_threshold,val_precision_at_selected_threshold,val_recall_at_selected_threshold,val_fpr_at_selected_threshold,val_threshold_feasible
weighted_ensemble__protocol_routed,1.0377131937688553,1.0377131937688553,1.0,1829958,nan,0.9995356453155174,0.9984903964114138,0.9990127474573015,0.015348702693769626,0.999689526147987,0.9999906716545295,1599327,47665,743,2418,nan,nan,nan,nan,1
xgboost_tuned__protocol_routed,1.0363114306021952,1.0363114306021952,1.0,1829958,nan,0.9999956215492335,0.9981189265457361,0.999056392720601,0.00014460419765328046,0.9940214936986803,0.9998177732609203,1598732,48401,7,3013,nan,nan,nan,nan,1
complex_mlp_tuned__protocol_routed,1.0256408537911192,1.0256408537911192,1.0,1829958,nan,0.999979341326362,0.9972617364187183,0.9986186899779534,0.0006817055032226078,0.9992459137712484,0.9999774454869825,1597359,48375,33,4386,nan,nan,nan,nan,1
catboost_tuned__protocol_routed,1.0252938853854694,1.0252938853854694,1.0,1829958,nan,0.9999712166653005,0.9977249811923871,0.9988468360807177,0.0009502561560072716,0.9993601629545905,0.9999793076612388,1598101,48362,46,3644,nan,nan,nan,nan,1
lightgbm_tuned__protocol_routed,0.7085468768381777,0.7085468768381777,1.0,125741,nan,1.0,0.7138774821398436,0.8330554425028555,0.0,0.8629096257034098,0.981187097405589,63453,6671,0,25432,nan,nan,nan,nan,0
