{
  "xgboost": {
    "n_estimators": 3520,
    "max_depth": 13,
    "learning_rate": 0.02111042178106913,
    "subsample": 0.7393540174036342,
    "colsample_bytree": 0.7557386642567645,
    "min_child_weight": 0.9004363613537707,
    "reg_lambda": 0.0035826813277918647,
    "reg_alpha": 0.4312031821302514,
    "gamma": 0.000465695854319845,
    "max_bin": 512
  },
  "lightgbm": {
    "n_estimators": 2671,
    "num_leaves": 257,
    "max_depth": 10,
    "learning_rate": 0.06900083426051346,
    "min_child_samples": 193,
    "subsample": 0.837657088286614,
    "subsample_freq": 1,
    "colsample_bytree": 0.9333553783817664,
    "reg_lambda": 0.11511059625293715,
    "reg_alpha": 0.00019960461180115917,
    "min_split_gain": 0.10883354696254588
  },
  "complex_mlp": {
    "width": 384,
    "depth": 4,
    "dropout": 0.12334303294528877,
    "lr": 0.0029241317756628082,
    "weight_decay": 1.970101425503212e-06,
    "batch_size": 16384
  }
}