{
  "models": [
    "complex_mlp_tuned",
    "xgboost_tuned"
  ],
  "weights": [
    0.00045978525800948584,
    0.9995402147419906
  ],
  "threshold": 0.4094581141054068,
  "val_fpr": 0.0028943078612062943,
  "val_recall": 0.9994686518757084,
  "val_precision": 0.9997537125358196,
  "val_f1": 0.9996111618829672,
  "feasible": 1.0,
  "val_pr_auc": 0.9999991506630013,
  "objective": 1.0496111194161173,
  "fpr_gap": 0.0
}