{
  "generated_at": "2026-03-06T14:25:50.622337",
  "seed": 42,
  "target_fpr": 0.01,
  "feature_columns": [
    "Header_Length",
    "Protocol Type",
    "Duration",
    "Rate",
    "Srate",
    "Drate",
    "fin_flag_number",
    "syn_flag_number",
    "rst_flag_number",
    "psh_flag_number",
    "ack_flag_number",
    "ece_flag_number",
    "cwr_flag_number",
    "ack_count",
    "syn_count",
    "fin_count",
    "rst_count",
    "HTTP",
    "HTTPS",
    "DNS",
    "Telnet",
    "SMTP",
    "SSH",
    "IRC",
    "TCP",
    "UDP",
    "DHCP",
    "ARP",
    "ICMP",
    "IGMP",
    "IPv",
    "LLC",
    "Tot sum",
    "Min",
    "Max",
    "AVG",
    "Std",
    "Tot size",
    "IAT",
    "Number",
    "Magnitue",
    "Radius",
    "Covariance",
    "Variance",
    "Weight"
  ],
  "dataset_sizes": {
    "train": 6136270,
    "val": 1533622,
    "test": 1650153,
    "train_attack_ratio": 0.9214966095038191,
    "val_attack_ratio": 0.9215999770477993,
    "test_attack_ratio": 0.9706645383791684,
    "tune_rows_boost": 1200000,
    "tune_rows_mlp": 700000
  },
  "hpo": {
    "coarse_trials_boost": 12,
    "refine_trials_boost": 6,
    "coarse_trials_mlp": 8,
    "refine_trials_mlp": 4,
    "ensemble_iters": 700,
    "best_params": {
      "xgboost": {
        "n_estimators": 3520,
        "max_depth": 13,
        "learning_rate": 0.02111042178106913,
        "subsample": 0.7393540174036342,
        "colsample_bytree": 0.7557386642567645,
        "min_child_weight": 0.9004363613537707,
        "reg_lambda": 0.0035826813277918647,
        "reg_alpha": 0.4312031821302514,
        "gamma": 0.000465695854319845,
        "max_bin": 512
      },
      "lightgbm": {
        "n_estimators": 2671,
        "num_leaves": 257,
        "max_depth": 10,
        "learning_rate": 0.06900083426051346,
        "min_child_samples": 193,
        "subsample": 0.837657088286614,
        "subsample_freq": 1,
        "colsample_bytree": 0.9333553783817664,
        "reg_lambda": 0.11511059625293715,
        "reg_alpha": 0.00019960461180115917,
        "min_split_gain": 0.10883354696254588
      },
      "complex_mlp": {
        "width": 384,
        "depth": 4,
        "dropout": 0.12334303294528877,
        "lr": 0.0029241317756628082,
        "weight_decay": 1.970101425503212e-06,
        "batch_size": 16384
      }
    },
    "best_objectives": {
      "xgboost_best_objective": 1.0494794071543856,
      "catboost_best_objective": -1e+18,
      "lightgbm_best_objective": 1.0495059178885464,
      "complex_mlp_best_objective": 1.0480933663930245
    }
  },
  "best_model_by_selection_score": "complex_mlp_tuned",
  "results": {
    "xgboost_tuned": {
      "global_test": {
        "tp": 1600215,
        "tn": 43681,
        "fp": 4727,
        "fn": 1530,
        "precision": 0.9970547222267222,
        "recall": 0.9990447917739715,
        "f1": 0.9980487649714487,
        "fpr": 0.09764914890100809,
        "roc_auc": 0.9998260986728169,
        "pr_auc": 0.9999947713535575,
        "model": "xgboost_tuned",
        "selection_score": 0.6474521693674162,
        "threshold": 0.40964192152023315,
        "val_f1_at_selected_threshold": 0.9996111618829672,
        "val_precision_at_selected_threshold": 0.9997537125358196,
        "val_recall_at_selected_threshold": 0.9994686518757084,
        "val_fpr_at_selected_threshold": 0.0028943078612062943,
        "val_threshold_feasible": 1
      },
      "protocol_slices": [
        {
          "tp": 25170,
          "tn": 2172,
          "fp": 4499,
          "fn": 0,
          "precision": 0.8483602413293336,
          "recall": 1.0,
          "f1": 0.9179598460949324,
          "fpr": 0.6744116324389147,
          "roc_auc": 0.9999999285327469,
          "pr_auc": 0.9999999810675068,
          "model": "xgboost_tuned",
          "protocol_hint": "bluetooth",
          "n": 31841
        },
        {
          "tp": 63515,
          "tn": 0,
          "fp": 0,
          "fn": 200,
          "precision": 1.0,
          "recall": 0.9968610217374244,
          "f1": 0.9984280437003852,
          "fpr": 0.0,
          "roc_auc": NaN,
          "pr_auc": 1.0,
          "model": "xgboost_tuned",
          "protocol_hint": "mqtt",
          "n": 63715
        },
        {
          "tp": 1511530,
          "tn": 41509,
          "fp": 228,
          "fn": 1330,
          "precision": 0.9998491822103802,
          "recall": 0.9991208704043996,
          "f1": 0.9994848936295426,
          "fpr": 0.0054627788293360804,
          "roc_auc": 0.9999406063258212,
          "pr_auc": 0.9999983670827696,
          "model": "xgboost_tuned",
          "protocol_hint": "wifi",
          "n": 1554597
        }
      ],
      "attack_family_slices": [
        {
          "tp": 0,
          "tn": 43681,
          "fp": 4727,
          "fn": 0,
          "precision": 0.0,
          "recall": 0.0,
          "f1": 0.0,
          "fpr": 0.09764914890100809,
          "roc_auc": NaN,
          "pr_auc": 0.0,
          "model": "xgboost_tuned",
          "attack_family": "Benign",
          "n": 48408
        },
        {
          "tp": 1117093,
          "tn": 0,
          "fp": 0,
          "fn": 3,
          "precision": 1.0,
          "recall": 0.9999973144653638,
          "f1": 0.9999986572308789,
          "fpr": 0.0,
          "roc_auc": NaN,
          "pr_auc": 1.0,
          "model": "xgboost_tuned",
          "attack_family": "DDoS",
          "n": 1117096
        },
        {
          "tp": 428312,
          "tn": 0,
          "fp": 0,
          "fn": 0,
          "precision": 1.0,
          "recall": 1.0,
          "f1": 1.0,
          "fpr": 0.0,
          "roc_auc": NaN,
          "pr_auc": 1.0,
          "model": "xgboost_tuned",
          "attack_family": "DoS",
          "n": 428312
        },
        {
          "tp": 1548,
          "tn": 0,
          "fp": 0,
          "fn": 199,
          "precision": 1.0,
          "recall": 0.886090440755581,
          "f1": 0.9396054628224583,
          "fpr": 0.0,
          "roc_auc": NaN,
          "pr_auc": 1.0,
          "model": "xgboost_tuned",
          "attack_family": "Malformed",
          "n": 1747
        },
        {
          "tp": 25170,
          "tn": 0,
          "fp": 0,
          "fn": 0,
          "precision": 1.0,
          "recall": 1.0,
          "f1": 1.0,
          "fpr": 0.0,
          "roc_auc": NaN,
          "pr_auc": 1.0,
          "model": "xgboost_tuned",
          "attack_family": "Other",
          "n": 25170
        },
        {
          "tp": 26925,
          "tn": 0,
          "fp": 0,
          "fn": 751,
          "precision": 1.0,
          "recall": 0.9728645758057523,
          "f1": 0.9862456731561693,
          "fpr": 0.0,
          "roc_auc": NaN,
          "pr_auc": 0.9999999999999999,
          "model": "xgboost_tuned",
          "attack_family": "Recon",
          "n": 27676
        },
        {
          "tp": 1167,
          "tn": 0,
          "fp": 0,
          "fn": 577,
          "precision": 1.0,
          "recall": 0.669151376146789,
          "f1": 0.8017863277224322,
          "fpr": 0.0,
          "roc_auc": NaN,
          "pr_auc": 1.0,
          "model": "xgboost_tuned",
          "attack_family": "Spoofing",
          "n": 1744
        }
      ],
      "model_meta": {
        "params": {
          "n_estimators": 3520,
          "max_depth": 13,
          "learning_rate": 0.02111042178106913,
          "subsample": 0.7393540174036342,
          "colsample_bytree": 0.7557386642567645,
          "min_child_weight": 0.9004363613537707,
          "reg_lambda": 0.0035826813277918647,
          "reg_alpha": 0.4312031821302514,
          "gamma": 0.000465695854319845,
          "max_bin": 512
        }
      }
    },
    "complex_mlp_tuned": {
      "global_test": {
        "tp": 1598193,
        "tn": 45498,
        "fp": 2910,
        "fn": 3552,
        "precision": 0.9981825029370378,
        "recall": 0.9977824185497691,