model,selection_score,threshold,precision,recall,f1,fpr,roc_auc,pr_auc,tp,tn,fp,fn,val_f1_at_selected_threshold,val_precision_at_selected_threshold,val_recall_at_selected_threshold,val_fpr_at_selected_threshold,val_threshold_feasible
complex_mlp_tuned,0.7975262976907419,0.06794121116399765,0.9981825029370378,0.9977824185497691,0.9979824206456254,0.060114030738720875,0.9994614734830813,0.9999838360239655,1598193,45498,2910,3552,0.9983403579826939,0.9992847608698272,0.9973977384805001,0.008391829402175722,1
xgboost_tuned,0.6474521693674162,0.40964192152023315,0.9970547222267222,0.9990447917739715,0.9980487649714487,0.09764914890100809,0.9998260986728169,0.9999947713535575,1600215,43681,4727,1530,0.9996111618829672,0.9997537125358196,0.9994686518757084,0.0028943078612062943,1
weighted_ensemble,0.6474521693674162,0.40945810079574585,0.9970547222267222,0.9990447917739715,0.9980487649714487,0.09764914890100809,0.999826071021599,0.9999947705303628,1600215,43681,4727,1530,0.9996111618829672,0.9997537125358196,0.9994686518757084,0.0028943078612062943,1
