model,protocol_hint,n,precision,recall,f1,fpr,roc_auc,pr_auc,tp,tn,fp,fn
xgboost_tuned,bluetooth,31841,0.8483602413293336,1.0,0.9179598460949324,0.6744116324389147,0.9999999285327469,0.9999999810675068,25170,2172,4499,0
xgboost_tuned,mqtt,63715,1.0,0.9968610217374244,0.9984280437003852,0.0,nan,1.0,63515,0,0,200
xgboost_tuned,wifi,1554597,0.9998491822103802,0.9991208704043996,0.9994848936295426,0.0054627788293360804,0.9999406063258212,0.9999983670827696,1511530,41509,228,1330
complex_mlp_tuned,bluetooth,31841,0.9088906543406038,0.9999602701628924,0.9522530362074836,0.37820416729126066,0.9999299650697846,0.9999835814435142,25169,4148,2523,1
complex_mlp_tuned,mqtt,63715,1.0,0.9886368986894766,0.9942859848783798,0.0,nan,1.0,62991,0,0,724
complex_mlp_tuned,wifi,1554597,0.9997437798757961,0.9981313538595772,0.9989369161969781,0.009272348276109926,0.9997445789608221,0.9999929968937361,1510033,41350,387,2827
weighted_ensemble,bluetooth,31841,0.8483602413293336,1.0,0.9179598460949324,0.6744116324389147,0.9999999285327469,0.9999999810675068,25170,2172,4499,0
weighted_ensemble,mqtt,63715,1.0,0.9968610217374244,0.9984280437003852,0.0,nan,1.0,63515,0,0,200
weighted_ensemble,wifi,1554597,0.9998491822103802,0.9991208704043996,0.9994848936295426,0.0054627788293360804,0.9999405858482447,0.9999983665276332,1511530,41509,228,1330
