model,threshold,precision,recall,f1,fpr,roc_auc,pr_auc,tp,tn,fp,fn,val_recall_at_fpr_le_1pct,val_fpr_at_selected_threshold
complex_mlp,0.05114159733057022,0.9990067005517844,0.9977430864463445,0.9983744936691463,0.03282515286729466,0.9995095729700213,0.999985245770967,1598130,46819,1589,3615,0.9972618944860073,0.009997005888419442
catboost,0.21174695382372288,0.9965258039993101,0.9992520657158287,0.9978870728009097,0.11527020327218641,0.9998154687205479,0.9999944550437394,1600547,42828,5580,1198,0.9996037883493964,0.009963737981968795
xgboost,0.20619122684001923,0.9961758772795201,0.9992220983989336,0.9976966626230992,0.12692117005453643,0.9997721083544298,0.9999931446380483,1600499,42264,6144,1246,0.9996172312446847,0.009963737981968795
