{
  "generated_at": "2026-03-06T00:21:16.878775",
  "seed": 42,
  "feature_columns": [
    "Header_Length",
    "Protocol Type",
    "Duration",
    "Rate",
    "Srate",
    "Drate",
    "fin_flag_number",
    "syn_flag_number",
    "rst_flag_number",
    "psh_flag_number",
    "ack_flag_number",
    "ece_flag_number",
    "cwr_flag_number",
    "ack_count",
    "syn_count",
    "fin_count",
    "rst_count",
    "HTTP",
    "HTTPS",
    "DNS",
    "Telnet",
    "SMTP",
    "SSH",
    "IRC",
    "TCP",
    "UDP",
    "DHCP",
    "ARP",
    "ICMP",
    "IGMP",
    "IPv",
    "LLC",
    "Tot sum",
    "Min",
    "Max",
    "AVG",
    "Std",
    "Tot size",
    "IAT",
    "Number",
    "Magnitue",
    "Radius",
    "Covariance",
    "Variance",
    "Weight"
  ],
  "dataset_sizes": {
    "train": 6136270,
    "val": 1533622,
    "test": 1650153,
    "train_attack_ratio": 0.9214966095038191,
    "val_attack_ratio": 0.9215999770477993,
    "test_attack_ratio": 0.9706645383791684
  },
  "best_model_by_f1": "complex_mlp",
  "nn_best_epoch": 14,
  "nn_best_val_aucpr": 0.9999780509252181,
  "results": {
    "xgboost": {
      "global_test": {
        "tp": 1600499,
        "tn": 42264,
        "fp": 6144,
        "fn": 1246,
        "precision": 0.9961758772795201,
        "recall": 0.9992220983989336,
        "f1": 0.9976966626230992,
        "fpr": 0.12692117005453643,
        "roc_auc": 0.9997721083544298,
        "pr_auc": 0.9999931446380483,
        "model": "xgboost",
        "threshold": 0.20619122684001923,
        "val_recall_at_fpr_le_1pct": 0.9996172312446847,
        "val_fpr_at_selected_threshold": 0.009963737981968795
      },
      "protocol_slices": [
        {
          "tp": 25170,
          "tn": 1218,
          "fp": 5453,
          "fn": 0,
          "precision": 0.8219312281618392,
          "recall": 1.0,
          "f1": 0.9022637248400337,
          "fpr": 0.8174186778593914,
          "roc_auc": 0.9999999821331867,
          "pr_auc": 0.9999999952651843,
          "model": "xgboost",
          "protocol_hint": "bluetooth",
          "n": 31841
        },
        {
          "tp": 63580,
          "tn": 0,
          "fp": 0,
          "fn": 135,
          "precision": 1.0,
          "recall": 0.9978811896727615,
          "f1": 0.998939471306807,
          "fpr": 0.0,
          "roc_auc": NaN,
          "pr_auc": 1.0,
          "model": "xgboost",
          "protocol_hint": "mqtt",
          "n": 63715
        },
        {
          "tp": 1511749,
          "tn": 41046,
          "fp": 691,
          "fn": 1111,
          "precision": 0.9995431223717965,
          "recall": 0.9992656293378105,
          "f1": 0.9994043565927346,
          "fpr": 0.016556053381891367,
          "roc_auc": 0.9999325366007434,
          "pr_auc": 0.9999981448706363,
          "model": "xgboost",
          "protocol_hint": "wifi",
          "n": 1554597
        }
      ],
      "attack_family_slices": [
        {
          "tp": 0,
          "tn": 42264,
          "fp": 6144,
          "fn": 0,
          "precision": 0.0,
          "recall": 0.0,
          "f1": 0.0,
          "fpr": 0.12692117005453643,
          "roc_auc": NaN,
          "pr_auc": 0.0,
          "model": "xgboost",
          "attack_family": "Benign",
          "n": 48408
        },
        {
          "tp": 1117094,
          "tn": 0,
          "fp": 0,
          "fn": 2,
          "precision": 1.0,
          "recall": 0.9999982096435759,
          "f1": 0.9999991048209865,
          "fpr": 0.0,
          "roc_auc": NaN,
          "pr_auc": 1.0,
          "model": "xgboost",
          "attack_family": "DDoS",
          "n": 1117096
        },
        {
          "tp": 428312,
          "tn": 0,
          "fp": 0,
          "fn": 0,
          "precision": 1.0,
          "recall": 1.0,
          "f1": 1.0,
          "fpr": 0.0,
          "roc_auc": NaN,
          "pr_auc": 1.0,
          "model": "xgboost",
          "attack_family": "DoS",
          "n": 428312
        },
        {
          "tp": 1612,
          "tn": 0,
          "fp": 0,
          "fn": 135,
          "precision": 1.0,
          "recall": 0.9227246708643388,
          "f1": 0.9598094671033045,
          "fpr": 0.0,
          "roc_auc": NaN,
          "pr_auc": 1.0,
          "model": "xgboost",
          "attack_family": "Malformed",
          "n": 1747
        },
        {
          "tp": 25170,
          "tn": 0,
          "fp": 0,
          "fn": 0,
          "precision": 1.0,
          "recall": 1.0,
          "f1": 1.0,
          "fpr": 0.0,
          "roc_auc": NaN,
          "pr_auc": 0.9999999999999999,
          "model": "xgboost",
          "attack_family": "Other",
          "n": 25170
        },
        {
          "tp": 27040,
          "tn": 0,
          "fp": 0,
          "fn": 636,
          "precision": 1.0,
          "recall": 0.9770198005492123,
          "f1": 0.9883763432999488,
          "fpr": 0.0,
          "roc_auc": NaN,
          "pr_auc": 0.9999999999999999,
          "model": "xgboost",
          "attack_family": "Recon",
          "n": 27676
        },
        {
          "tp": 1271,
          "tn": 0,
          "fp": 0,
          "fn": 473,
          "precision": 1.0,
          "recall": 0.7287844036697247,
          "f1": 0.8431177446102819,
          "fpr": 0.0,
          "roc_auc": NaN,
          "pr_auc": 1.0,
          "model": "xgboost",
          "attack_family": "Spoofing",
          "n": 1744
        }
      ]
    },
    "catboost": {
      "global_test": {
        "tp": 1600547,
        "tn": 42828,
        "fp": 5580,
        "fn": 1198,
        "precision": 0.9965258039993101,
        "recall": 0.9992520657158287,
        "f1": 0.9978870728009097,
        "fpr": 0.11527020327218641,
        "roc_auc": 0.9998154687205479,
        "pr_auc": 0.9999944550437394,
        "model": "catboost",
        "threshold": 0.21174695382372288,
        "val_recall_at_fpr_le_1pct": 0.9996037883493964,
        "val_fpr_at_selected_threshold": 0.009963737981968795
      },
      "protocol_slices": [
        {
          "tp": 25169,
          "tn": 1915,
          "fp": 4756,
          "fn": 1,
          "precision": 0.8410693400167084,
          "recall": 0.9999602701628924,
          "f1": 0.9136582266993375,
          "fpr": 0.7129365912157097,
          "roc_auc": 0.9999667260380871,
          "pr_auc": 0.9999927484112304,
          "model": "catboost",
          "protocol_hint": "bluetooth",
          "n": 31841
        },
        {
          "tp": 63561,
          "tn": 0,
          "fp": 0,
          "fn": 154,
          "precision": 1.0,
          "recall": 0.9975829867378169,
          "f1": 0.9987900311134856,
          "fpr": 0.0,
          "roc_auc": NaN,
          "pr_auc": 1.0,
          "model": "catboost",
          "protocol_hint": "mqtt",
          "n": 63715
        },
        {
          "tp": 1511817,
          "tn": 40913,
          "fp": 824,
          "fn": 1043,
          "precision": 0.9994552573941867,
          "recall": 0.9993105773171345,
          "f1": 0.9993829121193482,
          "fpr": 0.01974267436567075,
          "roc_auc": 0.9999184116183103,
          "pr_auc": 0.9999977580319216,
          "model": "catboost",
          "protocol_hint": "wifi",
          "n": 1554597
        }
      ],
      "attack_family_slices": [
        {
          "tp": 0,
          "tn": 42828,
          "fp": 5580,
          "fn": 0,
          "precision": 0.0,
          "recall": 0.0,
          "f1": 0.0,
          "fpr": 0.11527020327218641,
          "roc_auc": NaN,
          "pr_auc": 0.0,
          "model": "catboost",
          "attack_family": "Benign",
          "n": 48408
        },
        {
          "tp": 1117096,
          "tn": 0,
          "fp": 0,
          "fn": 0,
          "precision": 1.0,
          "recall": 1.0,
          "f1": 1.0,
          "fpr": 0.0,
          "roc_auc": NaN,
          "pr_auc": 0.9999999999999999,
          "model": "catboost",