attack_family,rows,share
DDoS,6097614,0.654247
DoS,2290990,0.245813
Benign,650362,0.069781
Recon,131402,0.014099
Other,125009,0.013413
Spoofing,17791,0.001909
Malformed,6877,0.000738
