label,rows,share
benign,650362,0.069781
attack,8669683,0.930219
